ID,title,location,salary,summary
8cfd75acb1c8da0b,Backend 개발,서울 영등포구,,"및 Application 개발 경험? - Linux 활용 능력 - 
Python 개발 경력 (3년 이상) - Airflow DAG 기반 데이터/모델... 구축 및 istio 구축 경험 - 
Python을 이용한 데이터 가공, 분석..."
3eb23bfb57005adf,Recruitment for RTL Verification Engineer,서울,,"ACE) protocol 경험 Verilog HDL, SystemVerilog 사용 경험 Perl, 
Python 등의 script 사용 경험 UVM 검증 관련 경력자 우대 UVM 검증 경험이 없어도 하만 내부 교육..."
e85487d0d81b009b,시스템보안 담당자 채용,서울 중학동,정규직,"경험 보유 우대사항 - AWS, Azure 등 클라우드 환경의 보안서비스 운영 경험자 - Java, 
Python 등 프로그래밍 언어 능숙자 근무조건 [근무조건] - 근무형태 : 정규직 - 모집인원 : 명 - 근무지..."
d7ca20cfcb5a0889,Digital Human 을 위한 AI 연구자/엔지니어 모집,성남 판교역,,"10년 필수조건 - 전반적인 전산학에 대한 이해가 있으신 분 - 숙련된 프로그래밍 스킬을 통해 C/C++, 
Python 등 다양한 언어에 빠르게 적응할 수 있으신 분 - 확보된 기반 기술을 상용화 할 수 있는 개발 능력을..."
0da8a7bcecfc856d,데이터분석 신입사원 채용,서울 순화동,정규직,"우대사항 L-TAB / 면접유형 담당업무 근무지 데이터분석 (0명) 데이터분석 관련 전공 R, 
Python 활용 가능자 L-TAB : 인적성진단(온라인) 면접유형 : 역량면접, PT면접, 인성면접 데이터..."
554e814302b8a380,딥러닝 통한 인공지능 솔루션 개발자,서울 송파구,"연봉 40,000,000원 - 50,000,000원정규직","무관 (신입도 지원 가능)ㆍ기계학습과 딥러닝에 대한 전문 지식을 갖추고 관련 프로젝트 경험이 있으신 분ㆍ
Python 기반의 머신러닝 프레임워크 사용 경험이 있으신 분ㆍ딥러닝 기반의 인공지능 솔루션 개발 경험이 있으신 분 1..."
0b56875f3b75013c,AI 솔루션팀-NLP 경력사원,서울 영등포구,정규직,"딥러닝 모델 연구개발 경력자○ 
Python 프로그래밍 가능자○ 자연어처리... 기술지원>IT기술지원|인터넷·IT·통신·모바일·게임>응용프로그래머>
Python|인터넷·IT·통신·모바일·게임>응용프로그래머>머신러닝(ML)|인터넷..."
e927a1b47b643953,데이터 사이언티스트,서울,"연봉 20,000,000원 - 60,000,000원","유를 위한 원활한 커뮤니케이션 능력 • 긍정적인 사고 *Preference... 영어 회화 • 
Python or R을 활용한 프로그래밍 능력. • 데이터 시각화 혹은 데이터 분석 능력 • 통계 지식 근무 형태..."
4acaa0a303f64c41,Cloud Developer - SAP HANA Cloud and Databases,서울,,"patterns Experience in one or more... following: 
Python, Go Strong team player with accountability and integrity Good..."
0813a3ef3325ca64,Blockchain/NFT/Crypto FDS Server Engineer,성남 분당구,정규직,"역량을 갖추신 분Scala, 
Python 등 다양한 언어 사용에 거부감이... 응용프로그래머>JAVA|인터넷·IT·통신·모바일·게임>응용프로그래머>
Python|인터넷·IT·통신·모바일·게임>네트워크·서버·보안>블록체인구축운영..."
0597023b41d3ad57,WebRTC UC & Collaboration Frontend & Backend Developer,서울,,"js, React-native, 
Python Preferred domain... 언어: Node.js, React.js, React-native, 
Python 선호 기술 분야: 퍼블릭 클라우드 데브옵스, 쿠버네티스, DB 최적화..."
35c2ac41489508c1,NPU 런타임 SW 엔지니어,성남 분당구,"연봉 50,000,000원 - 150,000,000원정규직","통신·모바일·게임>응용프로그래머>인공지능(AI)|인터넷·IT·통신·모바일·게임>빅데이터·AI(인공지능)>
Python|인터넷·IT·통신·모바일·게임>빅데이터·AI(인공지능)>머신러닝|인터넷·IT·통신·모바일·게임>빅데이터·AI..."
781ff208e96d815c,(주)케이엠티엘 건설분야 R&D 병역특례(전문연구요원(영상관련 S/W 개발)),서울 구로구,정규직,"우대사항]컴퓨터비전, 인공지능 분야 전공자 소프트웨어 개발자(C#, 
Python 등) 영상처리 기술 (OpenCV 활용기술 및 상용 Library... 통신·모바일·게임>응용프로그래머>
Python|인터넷·IT·통신·모바일·게임..."
67d8fe487c9744cb,[하나금융그룹] 데이터분석 모집,인천 청라동,정규직,"시각화 보고서 제작 (Spotfire/
Python/R 등 활용) ㆍ통계적 분석 및 검증 (SAS/
Python/R 등 활용) ㆍ분석결과를 이용한 기획... 원활한 사용 능력 ㆍSAS/
Python/R 원활한 사용 능력 ㆍ팀 단위..."
4b9f9b3d50350554,Altibase 엔지니어 영입,성남 분당구,정규직,"이터베이스·DBA>데이터베이스개발자|인터넷·IT·통신·모바일·게임>데이터베이스·DBA>NoSQL|인터넷·IT·통신·모바일·게임>ERP·시스템분석·설계>AWS|인터넷·IT·통신·모바일·게임>빅데이터·AI(인공지능)>
Python"
e990d9ecc91ca7a7,Modelling & Simulation (M&S) Software Engineer,서울,,"JavaScript, CSS3, ASP.Net, Java, JSP, 
Python, SQL, Linux, Apache, Mysql, and PHP... programing languages: 
Python, JavaScript..."
cf2b5b7899daa41d,인공지능 헬스케어 개발자,서울 강서구,정규직,"빅데이터, 인공지능(AI), 자연어처리(NLP), 
Python, 웹개발, 
Python, Java·JSP, 프론트엔드, 백엔드, HTML 모집학력 대학(2,3년) 인터넷·IT·통신·모바일·게임>응용프로그래머>
Python|인터넷..."
4800ed0bd1febca9,"Customer Engineer, Data Analytics, Google Cloud",서울,정규직,"writing code in a common development language (e.g., Java, 
Python, JavaScript, C++, Scala, R, Go, etc.). About the job..."
366617531a696472,"[대형증권사] LP/MM 시스템 개발 및 운영,유지보수",서울 강남구,정규직,"레이딩 시스템에 대한 이해 및 열정 보유 <우대사항>C++/JAVA/
Python 프로그래밍 가능 0 명 근무조건 고용형태: 정규직급여조건: 연봉 협의... 통신·모바일·게임>웹프로그래머>
Python|인터넷·IT·통신·모바일·게임..."
5758726ce4b7479b,네이버 파이낸셜 플랫폼 운영,성남 서현동,정규직,"Docker(kubernetes) 및 어플리케이션 배포 전략 지식 보유 - Shell script, 
python 및 web framework 등 기타 프로그래밍 언어 활용 가능 - 국가보훈대상자 및 장애인은 법령에 의거..."
33b56ce32901a5bc,현대백화점 H.Point팀 데이터 분석/기획 경력,서울 삼성역,정규직,"적용 모델링 - OLAP툴, R, 
Python, SQL 등 활용 분석 수행 및 리포팅 - 학사 이상 학위 취득자 - OLAP툴 사용 경험(3년 이상) - R, 
Python, SQL 등 심화 분석툴 경험(2년..."
229eb9cfd32480ed,A.I.개발자,서울 송파구,정규직,"서비스 모델 IOT 플랫폼에 적용✔️ 필요 역량입니다.- 관련 경력 3 ~ 10년 이하 이신 분- 
python 언어를 통한 분석 가능하신 분- 리눅스 기반 개발 가능하신 분- 다양한 직군과의 커뮤니케이션, 다양한 상황에 대한..."
3cd339cf8959f44d,생명정보학 부문 박사졸 선임연구원 정규직 정규직,서울 서대문구,"연봉 50,000,000원 - 60,000,000원정규직","-
Python or R 활용가능 -Linux terminal 능숙 -생물학... 생명정보학, 생물정보학-외국어: 영어 회화가능,독해가능,작문가능- 
Python or R 활용가능- Linux terminal 능숙- 생물학 기초 수강..."
bfdab41ec9b9469f,PM(서비스/개발),서울 영등포구,,"Data Science 제반 지식, AWS/GCP 등 Cloud 기반 서비스 관련 프로젝트 업무 경험 - 
Python, JAVA, RESTAPI, Database 등 개발 관련 언어/기술 이해 역량 우대 - AWS, GCP..."
0a57a69a13126ff5,셀프 인테리어 위한 AI 플랫폼 서비스 개발자,성남 분당구,계약직,"이상의 
python 또는 node.js실무 개발경험이 있는 분 -Restful API에 대한 이해와 실무경험이 있는 분 인터넷·IT·통신·모바일·게임>웹프로그래머>웹개발|인터넷·IT·통신·모바일·게임>웹프로그래머>
Python..."
f8bfec7bfbdffd0a,애플리케이션 개발자&컨설턴트 정규직,서울 강남구,"연봉 25,000,000원 - 30,000,000원정규직","Platform 컨설팅> JAVA/
Python/JScript 등의 개발... 경력(연차무관)학력사항: 대학(2,3년)졸업 이상직무기술: java, 
Python, javascript기타: > Basic SQL, HTML, CSS..."
5c6fe384fabdbd45,서버 백 엔드 개발자,서울 마포구,정규직,"작성되어 있어 이를 PHP기반 Laravel프레임워크로리팩토링 중입니다. 새로운 서비스 개발에는 PHP와 
Python등을 활용합니다. 담당업무 - 백엔드 서버 API개발 - Legacy 코드 유지보수 / 리팩토링 - 내부..."
ef675a5506696034,미들웨어 WEB/WAS 운영 경력사원 모집,서울 재동,정규직,"대한 책임감이 높으신 분 우대사항 - 웹 기반 대량 트래픽 서비스에 대한 운영 경험 - Bashshell, 
Python 가능자 - Jeus, WebToB, Apache/Tomcat, Nginx 등 Web Admin 경험..."
f870e8c6ab4babcf,데이터 엔지니어/클라우드 엔지니어/데이터 플랫폼 개발분야 경력사원,서울특별시,,"등) 사용한 대용량 데이터 처리 유경험자 (Customization/Tuning 경험 포함) - 
Python, Java, JS Framework, Spring Framework 등 프로그래밍 역량 보유 - SQL 능숙하고..."
98bd24a70c9ebc20,Developer Associate,서울,,"Experience in multi-thread programming Experience in SQL, 
Python, Git Experienced... development on Linux environment..."
9d0aa83c1e8f086e,카카오 전사QA 모집,성남 판교역,정규직,"능력 보유 능동적이고 빠른 실행력 보유 [우대사항] 테스트 자동화 설계 경험자 혹은 스크립트 언어(
python, java, javascript 등) 가능자 다앙한 테스트 도구(Postman, Appium, Selenium..."
66e1e4b19394e00b,리눅스 기술지원 엔지니어,서울 강남구,정규직,"자격증 - 리눅스마스터, RHCSA, RHCE, LPIC- 정보처리기사- OS관련 기초적인 지식 보유자- 
python, bash 쉘스크립트 한 번이라도 다뤄본 자- 쿠버네티스, 오픈시프트 등 PaaS 솔루션에 관심이 많은 자..."
ea23e376c32ece8b,Data Scientist (KOREA),충청북도 청주,정규직,"data visualization Experience using tools... SAS JMP, 
Python, Matlab, KNIME, and SIMCA Experience with developing..."
1b43aff116704c72,컴파일러 엔지니어(딥엑스),성남 분당구,"연봉 80,000,000원 - 200,000,000원정규직","통신·모바일·게임>빅데이터·AI(인공지능)>비전인식|인터넷·IT·통신·모바일·게임>빅데이터·AI(인공지능)>
Python|인터넷·IT·통신·모바일·게임>빅데이터·AI(인공지능)>머신러닝|인터넷·IT·통신·모바일·게임>빅데이터..."
9e154b5b00d09b31,Software Engineer - Python and K8s,서울,,"we are building a new community around 
Python opscode for open source applications... who enjoy 
Python, have a passion..."
0f33434a34c1bb4b,위고블록체인 연구소 연구원,서울 서초구,정규직,"경력자-블록체인기반 디지털자산관련 앱및웹서비스개발-백엔드와 네트워킹 시스템개발 경험-백엔드: Rails,Go,
Python,Rust,C/C++-프론트: Ruby,Javascript,Flutter-블록체인: Solidity[필수..."
5feffe0fc30e44eb,데이터 엔지니어 (Data Engineer),서울 영등포구,,"Apache Kafka 언어: 
Python, Scala, Go 인프라... 필요합니다. 하나 이상의 백엔드 프로그래밍 언어(e.g., Go, 
Python, Scala, Java)를 능숙히 활용하실 수 있으셔야 합니다. 클라우..."
872035f47cfd4850,자산운용팀 전략/리스크팀 퀀트(겨울방학 인턴),대한민국,인턴,"공자의 경우 관련 과목 12학점 이상 이수 - Microsoft 엑셀 능숙자 선택 사항 (평가 가산점) - 
Python 또는 VBA 등 코딩 Skill 보유 - 관련 업종에서 2개월 이상 인턴쉽 또는 근무 경력 보유 - 관련..."
27efbf31dc7befc6,[3년 이상] Analytics/Data Angineer,서울 중구,정규직,"RDB/No-SQL(Mongo, Redis)에 대한 이해 및 경험 
Python... React 개발 경험 Hadoop, Spark 등 분산... 인터넷·IT·통신·모바일·게임>빅데이터·AI(인공지능)>
Python"
a2cedc04f48a862d,[CJ Olivenetworks/경력] AI연구소 AI/ML 연구/개발(Data Scientist),서울 용산구,정규직,"SQL|인터넷·IT·통신·모바일·게임>응용프로그래머>API|인터넷·IT·통신·모바일·게임>응용프로그래머>
Python|인터넷·IT·통신·모바일·게임>빅데이터·AI(인공지능)>머신러닝|인터넷·IT·통신·모바일·게임>웹기획·웹마케..."
b91d39fdf4101a70,[코어라인소프트] 인공지능 엔진 및 영상처리 개발자 찾습니다.,서울 마포구,정규직,"바일·게임>빅데이터·AI(인공지능)>인공지능(AI)|인터넷·IT·통신·모바일·게임>빅데이터·AI(인공지능)>
Python|전자·기계·기술·화학·연구개발>광학·의료장비>AI의료|전자·기계·기술·화학·연구개발>광학·의료장비>의료영..."
4ae5eb5bb613a826,[클라우드플랫폼실] System Engineering팀 클라우드 엔지니어,서울 강남구,정규직,"라우드|인터넷·IT·통신·모바일·게임>응용프로그래머>Linux|인터넷·IT·통신·모바일·게임>응용프로그래머>
Python|인터넷·IT·통신·모바일·게임>통신·모바일>플랫폼(VM)|인터넷·IT·통신·모바일·게임>ERP·시스템분석..."
7737347fd9e94c01,웹 크롤러 전문가,서울 중구,정규직,"Kubernetes 등 데이터 처리 경험- Elasticsearch, RDBMS(MySQL) 운영 경험- 
Python, Java, Scala 등 개발 숙련자- Linux 시스템 개발 및 운영 경험- OS/네트워크/자료구조 등..."
a5680079cf9c5a5c,[플레이채팅 유닛(CIC)] 서버 개발자 영입,성남 판교역,정규직,"분 AWS, GCP등의 클라우드 기반에서 개발 경험 있으신 분 C++, Java, Kotlin, Go, 
Python, Javascript 등 하나 이상의 프로그래밍 언어에 능숙하신 분 논리적이고 체계적인 문제 해결 능력 및..."
1e7271e69ef269da,"JAVA, Python, R, C, C++ 외 신입/경력 개발자 정규직",서울 강남구,정규직,"(주)이지서티 JAVA, 
Python, C, C++, C#임베디드... 게임>웹프로그래머>JAVA|인터넷·IT·통신·모바일·게임>웹프로그래머>
Python|인터넷·IT·통신·모바일·게임>웹프로그래머>백엔드|인터넷·IT·통신..."
7d02cc2c10a4ef52,부문별 직원,경기도 포천,정규직,"게임>웹프로그래머>백엔드|인터넷·IT·통신·모바일·게임>웹프로그래머>
Python|인터넷·IT·통신·모바일·게임>컨텐츠·사이트운영>웹사이트운영·테스터... 게임>빅데이터·AI(인공지능)>
Python|인터넷·IT·통신·모바일·게임..."
4a6ec3a11f449991,[신사업부문] Data Scientist (데이터분석) 경력채용,서울,,"분 - 세그먼트 추출, 스코어 모델, 예측 모델, 마케팅 자동화 구축 경험이 있는 분 - SQL, R, 
Python, MS Excel 및 프로젝트 관리 도구 사용이 익숙하신 분 - Platform 비지니스에 대한 이해, 사업..."
40de6a4b81f8724f,[전문연구요원 신규편입/전직] 의료영상/음성인식/생체신호 연구원,서울 서초구,정규직,"인공지능)>텍스트마이닝|인터넷·IT·통신·모바일·게임>빅데이터·AI(인공지능)>인공지능(AI)|인터넷·IT·통신·모바일·게임>빅데이터·AI(인공지능)>
Python|인터넷·IT·통신·모바일·게임>빅데이터·AI(인공지능)>딥러닝"
89c23b02ca0b2a2a,Anti-Cheat Developer,서울,,"experience as a software engineer... following areas : C/C++ 
Python Anti-cheat solution/tool development Growth-oriented..."
3545a67412a9af1d,항공 및 로보틱스 엔지니어 (경력),서울 역삼역,정규직,"navigation, control 등에 대한 기본적 이해 및 연구개발 경험 • C / C++ / 
Python / MATLAB 프로그램 개발 경험 우대 사항 (이런 분은 꼭 모시고 싶습니다) • IMU, INS, GPS..."
d364360d1e0368e3,Python 기반 빅데이터 처리 개발자,서울 서초구,,"인터넷·IT·통신·모바일·게임>응용프로그래머>
Python|인터넷·IT·통신·모바일·게임>빅데이터·AI(인공지능)>
Python|인터넷·IT·통신·모바일·게임>빅데이터·AI(인공지능)>빅데이터|인터넷·IT·통신·모바일·게임..."
b7e9e9d0811a05bd,Graduate Student Intern,서울,,"1-2 semesters left for graduation. Familiar with C/C++/
python programming language. Good understanding of network..."
1015284880e2ff62,라인프렌즈 2022년 각 부문 수시,서울 용산구,,"통신·모바일·게임>웹프로그래머>
Python|인터넷·IT·통신·모바일·게임... 자바스크립트|인터넷·IT·통신·모바일·게임>빅데이터·AI(인공지능)>
Python|마케팅·광고·홍보·조사>마케팅>마케팅기획|마케팅·광고·홍보·조사>마케..."
477d6ad5332ce5a5,Diploma Student / Intern_Software Engineer_Korea,서울,,"even under challenging conditions Programming languages: 
Python, JavaScript Intermediate communication skill in English..."
0b15c7881ef76f10,"서버엔진 개발자 정규직 직원 ( C++, Python )",서울 금천구,,"Python ) 모집부문 및 자격요건 모집부문 개발자 (JAVA, 
PYTHON) 모집직무 응용프로그램개발, Linux, Java, 
Python 모집학... 프로그래머>JAVA|인터넷·IT·통신·모바일·게임>웹프로그래머>
Python"
4f6cbd19b4f1e607,2022년 부문별 직원,서울 영등포구,,"관리|인터넷·IT·통신·모바일·게임>네트워크·서버·보안>정보시스템|인터넷·IT·통신·모바일·게임>웹프로그래머>
Python|인터넷·IT·통신·모바일·게임>응용프로그래머>C·C++|인터넷·IT·통신·모바일·게임>응용프로그래머..."
e30fe92d72ceb17c,"자율 주행, 로봇 SW 개발자",성남 수정구,,"(주)에바 모집부문 및 자격요건 모집부문 담당업무 자격요건 인원 자율주행 SW 엔지니어
Python응용SW [담당업무]ROS 개발, 로봇 주행 알고리즘 개발, SW Optimization[근무부서 및 직급/직책]근무부서: 개발팀..."
44e9ac7f0f94e784,한국필립모리스 2022년 상반기 수시,서울 영등포구,,"통신·모바일·게임>웹프로그래머>
Python|인터넷·IT·통신·모바일·게임... 용프로그래머>자바스크립트|인터넷·IT·통신·모바일·게임>응용프로그래머>
Python|인터넷·IT·통신·모바일·게임>시스템프로그래머>펌웨어·어셈블러|인터..."
1a1a4d2c92dcb6e9,AI 솔루션팀-NLP 경력사원 채용,서울,,"학사 이상 졸업자 자연어 처리 관련 연구/개발자 (2년 이상) 머신러닝/딥러닝 모델 연구개발 경력자 
Python 프로그래밍 가능자 자연어처리 관련 서비스 개발 경험자 [우대요건] 자연어 처리 관련 석사 학위 이상..."
8d82ffc3587320ea,ML/DL Data Scientist,서울 영등포구,,"Kubernetes 기반 ML 파이프라인 개발/서비스 경험 - AWS, K8S 환경 내 모델링/개발 경험 - 
Python 프로그래밍 숙련자 (주요 ML/DL 라이브러리, 프레임워크 사용 능력 포함) - 딥러닝 기술 현업 적용..."
b3c3e8cf34bf9eca,Machine Learning Researcher (Computer Vision),서울,,"more than one software language (ex: C, C++, C#, Java, 
Python, Javascript, Matlab, and so on.) Applicants must have..."
9c30497c087dbdbb,Data Scientist,서울 마포구,,"모바일·게임>빅데이터·AI(인공지능)>빅데이터|인터넷·IT·통신·모바일·게임>빅데이터·AI(인공지능)>데이터분석|인터넷·IT·통신·모바일·게임>웹프로그래머>
Python|인터넷·IT·통신·모바일·게임>응용프로그래머>
Python"
228e6b23849c5128,"AI: 데이터분석 통한 예측모델링, 알고리즘, 개인화 추천 전문가 (과장/대리급), TOP금융그룹 투자",서울 영등포구,,"인공지능)>인공지능(AI)|인터넷·IT·통신·모바일·게임>빅데이터·AI(인공지능)>데이터분석|인터넷·IT·통신·모바일·게임>빅데이터·AI(인공지능)>
Python|인터넷·IT·통신·모바일·게임>빅데이터·AI(인공지능)>머신러닝"
61dcca5896040150,[NAVER Z] 데이터 엔지니어,성남 분당구,,"서비스 API 개발 및 운영자격요건 및 필요역량- 관련 분야 개발 경력 3년 이상- Scala/Java/
Python, Spark, Kafka(Stream) 기반 빅 데이터 처리 경험이 있으신 분- 빅데이터 엔지니어링 도구에..."
22ffe020e40de675,[포티투마루] 인공지능(AI) 개발자 전 부문,서울 서초구,,"인터넷·IT·통신·모바일·게임>빅데이터·AI(인공지능)>
Python|인터넷·IT·통신·모바일·게임>빅데이터·AI(인공지능)>머신러닝|인터넷·IT·통신·모바일·게임>빅데이터·AI(인공지능)>딥러닝|인터넷·IT·통신·모바일·게임..."
d0012f15e0937a57,[아도바주식회사] 데이터 분석가 (신입/경력),서울 서초구,,"핸들링 능력 보유자ㆍ 머신러닝 등 최신 알고리즘을 활용한 실제 비즈니스 문제 해결 경험 보유자ㆍ SQL, 
Python, R 등 통계/분석 프로그램 능숙자[우대사항] 인터넷·IT·통신·모바일·게임>빅데이터·AI(인공지능)>빅데..."
f54bac6c78fd3240,코딩에 빠진 수퍼 개발자 (펌웨어 개발),성남 수정구,,"학력무관직무기술: 펌웨어(Firmware), Embedded System S/W 개발(판교) c/c++, 
Python 3 명 근무조건 고용형태: 정규직근무부서: 개발팀급여조건: 연봉 협의 후 결정 전형단계 및 제출서류 전형단..."
d50ec733dc9580e2,R&D Center AI Deep Learning Researcher AI 딥러닝 연구원 (전문연구요원),서울 성동구,,"무한 제공- R&D Center 최고 사양 GPU 서버 제공 인터넷·IT·통신·모바일·게임>웹프로그래머>
Python|인터넷·IT·통신·모바일·게임>소프트웨어·하드웨어>소프트웨어|인터넷·IT·통신·모바일·게임>빅데이터·AI..."
74dd680945a195f3,AI Frameworks Engineer Intern,서울,,"knowledge of deep learning technologies. Programming with 
Python or Shell script. Education Students who are currently..."
835324335bc1c7da,[현대무벡스] 경력사원 상시,서울 종로구,,"ABAP|인터넷·IT·통신·모바일·게임>응용프로그래머>클라우드|인터넷·IT·통신·모바일·게임>응용프로그래머>
Python|인터넷·IT·통신·모바일·게임>빅데이터·AI(인공지능)>인공지능(AI)|인터넷·IT·통신·모바일·게임..."
bc0b04229959306a,[BLive Div.] Data Analyst (경력 무관),성남 분당구,,"추출 업무(SQL, Presto, 
Python)인게임 데이터를 활용한 데이터 분석 업무 이런 경험을 가진 분과 함께 성장하고 싶습니다! (필수요건) SQL 활용 능력 중급 이상
Python 활용 능력 중급 이상 이런 경험들이..."
5ab0b45dfa93411b,Data Engineer 신입사원,서울 강남구,,"분류, 개인정보 비식별화, 불량 코퍼스 필터링 등 다양한 ML 프로젝트 (예정)[자격요건]- Julia / 
Python / R 중에서 자신 있는 프로그래밍 언어가 있는 분- 하나의 데이터도 놓치지 않고 꼼꼼하게 관리할 수..."
35b540811a09ac1f,Technical Support Engineer-Developer,서울,,"developing with Chatbot, Linux, Apache, Java, Node, 
Python, PHP, or Ruby - Knowledge and experiences of cloud services (Azure..."
9fec0388c43ded76,[디엠씨코넷] 빅데이터 예측분석과 모델링 활용한 서비스 개발자 양성과정 교육생,서울,,"예측분석과 모델링을 활용한 서비스 개발자 양성과정○ 활동내용통계,DB,
Python을 활용한 빅데이터 분석, 머신러닝,딥러닝,빅데이터 엔지니어링Real... 통신·모바일·게임>응용프로그래머>
Python|인터넷·IT·통신·모바일·게임..."
287a2f9783758916,한국행동과학연구소 각 부문 수시,서울 강남구,,"CSS3, 모바일 프로젝트 및 반응형 웹구축 경험, 교육이수자 백엔드개발자 - 개발 및 유지보수 - java, 
python, php, nodejs 사용자- oracle, mysql 등 유경험자 근무조건 경영·인사·총무·사무..."
1826a21949fcd32b,"AI연구원(NLP, CV) (일6시간, 주5일)",서울 강서구,,"자연어처리(NLP), 
Python, TensorFlow 모집학력 학력무관 인터넷·IT·통신·모바일·게임>빅데이터·AI(인공지능)>머신러닝|인터넷·IT·통신·모바일·게임>빅데이터·AI(인공지능)>
Python|인터넷·IT·통신..."
0cb4a784529cb1b8,Software Engineer,서울,,"languages, including... limited to: C++, Java, C, and 
Python. Excellent verbal and written communication skills. About..."
1601f1bfe3302af5,2022년 상반기 백엔드 개발자,성남 분당구,,"및 경력자 우대 - IT관련 경진대회 수상자 우대 - JS, PHP, 
Python 등 Back End 관련 프로젝트 경험자 우대 - SQL관련 자격증... 진대회 수상자- JS, PHP, 
Python 등 Back End 관련 프로..."
2b9e604e63e7e46d,[카카오커머스] 기술직군,성남 분당구,,"우대사항 - 전자금융 감독규정, PCIDSS에 대한 실무 경험이나 이해도가 높으신 분 - JAVA, 
Python, shell script 등 개발 역량을 갖추신 분 - 웹/앱 취약점 진단 및 모의해킹 역량을 갖추신..."
67c19d7ac0857ecd,빅데이터 분야,서울,,"데이터 분석 모형 개발 ① R, 
Python, SQL 등 데이터 분석 도구... 분석 관련 자격 보유(빅데이터분석기사, ADsP, ADP 등) - R/
Python/SQL 등을 사용하여 데이터를 핸들링하고 대규모 데이터 셋에서 분석..."
26c133b0874ce9ce,[Cartier] Data Analyst,서울,,"Look ML/SQL(upcoming implementation), 
Python is a strong plus. Global company... writing, R... 
Python programming..."
b515669e8032265b,[kt ds] 2022년 각 부문별 경력사원 수시,서울 서초구,,"JAVA|인터넷·IT·통신·모바일·게임>응용프로그래머>C·C++|인터넷·IT·통신·모바일·게임>응용프로그래머>
Python|인터넷·IT·통신·모바일·게임>응용프로그래머>자바스크립트|인터넷·IT·통신·모바일·게임>응용프로그래머..."
abdc136f65ceddd4,AI 분야,서울,,"무를 경험하면서 조직과 함께 성장하고 싶으신 마인드를 보유하신 분 - 
Python 및 PyTorch, Tensorflow 등과 같은 딥러닝 프레임워크... 경력자 가능 - C/C++, 
Python, 딥러닝 프레임워크(PyTorch..."
d5288a61691c7502,[웹젠] 보안분석(경력),성남 분당구,,"도화 추진 경험이 있는 분 - 악성코드 분석 능력을 보유한 분 - 
Python/Java 등 개발 능력을 보유한 분 - 보안 유관 자격증을 보유한... 분석 능력을 보유한 분 - 
Python/Java 등 개발 능력을 보유한..."
148c1a1c1cbd1419,[11번가] 데이터 엔지니어 분야,서울 중구,,"kafka, Mongodb, 
Python 기반의 pub / sub 처리... 있으신 분- rdbms 데이터 설계 및 SQL 활용 능력이 있으신 분- 
Python, Shell, Sql, Procedure 등을 통한 데이터 처리와..."
016de9bb83a8032d,JR0186078 AI Research Engineer Intern,서울,,"architectures, and optimization strategiesProgramming skills with 
Python/C++Experience working with one or more deep learning..."
1a66a679bcbc9f5b,2022년 파이썬활용 빅데이터 분석 전문가 국비무료 양성과정,서울 금천구,,"데이터분석|인터넷·IT·통신·모바일·게임>빅데이터·AI(인공지능)>
Python|인터넷·IT·통신·모바일·게임>빅데이터·AI(인공지능)>데이터마이닝... 템분석·설계>컨설팅|인터넷·IT·통신·모바일·게임>웹프로그래머>
Python"
a92b737cbbdf425f,[포티투마루] 인공지능(AI) 챗봇사업부 전 직군,서울 서초구,,"바일·게임>빅데이터·AI(인공지능)>인공지능(AI)|인터넷·IT·통신·모바일·게임>빅데이터·AI(인공지능)>
Python|인터넷·IT·통신·모바일·게임>빅데이터·AI(인공지능)>자연어처리|인터넷·IT·통신·모바일·게임>빅데이터..."
4803a94f462a78f8,[CA] 웹 스크래핑 엔지니어,성남 분당구,,"정형 데이터 파싱에 조예가 깊은 분· 웹 서비스 구축 역량을 지닌 분· Java 언어 실무 경험이 있는 분· 
Python 등의 스크립트 언어 실무 경험이 있는 분< 인터넷·IT·통신·모바일·게임>응용프로그래머>JAVA|인터넷..."
c759fe51adbc3ea1,SCM혁신 신입/경력 사원 공개채용,서울 신천동,,"system 유경험자 및 다양한 데이터 분석 및 분석툴 활용 유경험자 우대(Power BI, Tableau, 
Python, Visual Basic 등) 김천 상세보기 전형절차 - 지원서 접수 > 서류전형 > 직무적성..."
a91e307a449bbf1f,"Charging Operations Specialist, APAC Charging (English Speak...",서울 강남구,,"Data science experience including coding/scripting skills (
Python/Ruby/JS/Perl... plus. Collaborative, team oriented..."
51df90967b46e8f0,[외국계 스타트업 미소] Business Analyst,서울,,"통신·모바일·게임>빅데이터·AI(인공지능)>데이터분석|인터넷·IT·통신·모바일·게임>빅데이터·AI(인공지능)>
Python|인터넷·IT·통신·모바일·게임>데이터베이스·DBA>MySQL|인터넷·IT·통신·모바일·게임>데이터베이스..."
287f5f422c269849,Market Research 담당자 채용,서울 중학동,,"숙한 대내외 커뮤니케이션이 가능한 분 [우대사항] - 통계분석 및 프로그래밍 언어 역량을 보유하신 분(R, 
python, Data studio, SPSS, Tableau, etc) - SQL 쿼리사용 가능하신 분 - 영어로..."
07aab0cc98af9ffe,AI Frameworks Engineer,서울,,"experience in deep learning frameworks Programming with 
Python or Shell script Experience with large-scale software projects..."
4c25d6649f8434a8,[외국계 스타트업 미소] Business Analyst Intern (정규직 전환형),서울,,"통신·모바일·게임>빅데이터·AI(인공지능)>데이터분석|인터넷·IT·통신·모바일·게임>빅데이터·AI(인공지능)>
Python|인터넷·IT·통신·모바일·게임>데이터베이스·DBA>MySQL|인터넷·IT·통신·모바일·게임>데이터베이스..."
aac8e9355cb855ac,[인재풀] 아티스트 ART,서울,,"3D Max등의 아트웍 툴 사용 경험 Max script 또는 Mel Script의 사용 경험 C# 또는 
Python 언어에 대한 이해 및 활용 능력 아트웍 관련 툴 제작 또는 플러그인 제작 경험 Electronic..."
71c47ac87bb4087e,기술 인턴 인공지능 응용 연구/개발 인턴,서울 관악구,,"6개월) (협의) *모집 절차: 서류 à인터뷰(오프라인) *지원 자격: 프로그래밍 언어 활용 능력: 
Python, C, C++ 중 1가지 이상 데이터구조, 알고리즘 과목 이수 머신러닝과 딥러닝의 기본 개념 이해 머신러닝..."
8bc7fa4de46addd9,2022년 한국자동차연구원 자동화제어 전문인력 양성교육 교육생,충청남도,,"통신·모바일·게임>빅데이터·AI(인공지능)>데이터분석|인터넷·IT·통신·모바일·게임>빅데이터·AI(인공지능)>
Python|인터넷·IT·통신·모바일·게임>빅데이터·AI(인공지능)>머신러닝|인터넷·IT·통신·모바일·게임>빅데이터..."
866931bc7d56ecec,플랫폼 콘텐츠 품질 관리자,서울 서초구,,"미지 파일 이름 일괄 변환, 조건부 추출)- Chatbot 처리 결과 데이터 가공 자동화 [자격 요건]- 
Python, Java 등 프로그래밍을 할 수 있는 분- 데이터 추출, 변환, 분석, 학습 등의 과정을 통해 업무 효율..."
0b305608d55da082,[빅데이터플랫폼] 데이터 엔지니어,성남 분당구,,"Hadoop, Kafka, Flink 등을 사용한 대용량 데이터 처리에 능숙한 분· Java, Kotlin, 
Python 중 하나 이상의 언어에 익숙한 분· 총 경력이 3년 이상인 분 인터넷·IT·통신·모바일·게임>데이터베이..."
9599ecb61b39136a,웹 스크래핑 개발자 영입,성남 분당구,,"로그래머>
Python|인터넷·IT·통신·모바일·게임>응용프로그래머>JAVA|인터넷·IT·통신·모바일·게임>응용프로그래머>
Python|인터넷·IT·통신... 코딩)|인터넷·IT·통신·모바일·게임>빅데이터·AI(인공지능)>
Python"
6d86e9f32d31c84f,Data 분야 경력,서울,,"해가 뛰어난 자 - R, 
Python, SAS, SQL 등 활용 역량 우대사항(해당 내용 중 1개 이상) - ML/DL 경험 인력 우대 - 관련 분야 석사 이상 학위 소지자 우대 - R, 
Python등 데이터분석 모델링 경험..."
2e037a19b58f65a5,[AI] NLP/ Chatbot Machine Learning Researcher (3년 이상),서울 강남구,,"통신·모바일·게임>빅데이터·AI(인공지능)>머신러닝|인터넷·IT·통신·모바일·게임>빅데이터·AI(인공지능)>
Python|인터넷·IT·통신·모바일·게임>빅데이터·AI(인공지능)>딥러닝|인터넷·IT·통신·모바일·게임>응용프로그래..."
bec33b19427238a4,(주)작당모의 앱 개발자,서울 서초구,,"1. 백엔드 개발 1년이상, OOP/Function Language 개발 가능, AWS 개발 경험 등 2. 
Python Django 개발, Nodejs React 개발, MySQL 개발 경험 등 3. React Native..."
e3e736b46dbb35cd,[하나금융그룹] 빅데이터 분석 모집,인천 청라동,,"모델 개발 [필요역량] ㆍ데이터 분석 능력 중/고급 이상 ㆍ데이터 분석/모델링을 위한 언어 능력 (R, 
Python 등) 중급 이상 [경력사항] ㆍ박사 : 경력 없어도 지원가능 ㆍ석사 : 경력 5년 이상 ㆍ학사 : 경력 8..."
79bc4c744fd362a4,Software Engineer (Connected Cabin),서울,,"C, C++, Java, 
Python, and so on) Strong... Object Oriented Languages: C++, Java, 
Python, etc. Knowledge of Continuous..."
e764b919165b8d3e,데이터처리 플랫폼 개발자,성남 판교역,,"데이터 수집, 처리 및 지표 분석 경험 - 데이터 기반의 문제해결 역량 및 논리적 사고 - Java, 
Python, Scala 중 최소 1가지 언어를 이용한 데이터 분석 및 소프트웨어 개발 역량 - SQL을 이용한 데이..."
e91b5984e7f5d3fd,"데이터베이스개발자, 웹개발 신입/경력 정규직",서울 영등포구,"연봉 36,000,000원 - 60,000,000원","개발자 ㆍCss/html 등 웹디자인 관련 유경험자 ㆍ자바스크립트, 
Python, C++, 닷넷 등 ㆍNode, Selenium, electron... 관련 유경험자ㆍ자바스크립트, 
Python, C++, 닷넷 등 ㆍNode..."
bf424cfbae442361,"웹개발, HTML·DHTML·mHTML 외 신입/경력 계약직",세종특별자치시 세종,"월급 2,200,000원","통신·모바일·게임>웹프로그래머>웹개발|인터넷·IT·통신·모바일·게임>웹프로그래머>HTML·DHTML·mHTML|인터넷·IT·통신·모바일·게임>웹프로그래머>프론트엔드|인터넷·IT·통신·모바일·게임>웹프로그래머>
Python"
79d4a42eaaa010aa,데이터 사이언티스트 (Data Scientist),서울 영등포구,,"Airflow, Metabase, AWS Sagemaker 언어: 
Python, SQL 자격 요건 통계 및 데이터마이닝 관련 분야 학위 또는 실무... 델링을 위한 언어 및 프레임워크 (
Python, R, SQL, Pandas..."
42f10e68b30fd77f,데이터 플랫폼 백엔드 개발자 모집,서울 구로구,,"GCP 환경의 플랫폼 개발 및 운영 - 데이터 파이프라인 구성 및 운영 자격요건 - Java, 
Python 중 하나 이상의 언어에 익숙한 분 - 자료구조, 알고리즘, 운영체제 등 전산 기초 지식이 있는 분 - SQL..."
bd7907d1248e436d,[AI/LAB] 머신러닝 리서치 엔지니어 (전문연구요원 가능),서울,,"찾습니다 논문을 빠르고 정확하게 이해하고 구현할 수 있으신 분 최신 딥러닝 기술 동향을 파악하고 계신 분 
Python 사용 능력이 능숙하신 분 ※ 참고사항 : 해당 직군은 상세 경력기술서 제출이 필수입니다. 이런 분은 더욱..."
019a803c31b07724,Digital Design Engineer,서울,"연봉 35,000,000원 - 80,000,000원","ㆍAlgorithm development experience through matlab/C++/
Python, etc. ㆍDeep learning based RTL design experience ㆍPeople who..."
f77f9abb42c655b7,[네이버계열사][NIT Service] 네이버 파이낸셜 플랫폼 운영,성남 분당구,,"및 어플리케이션 배포 전략 지식 보유 - Shell script, 
python 및 web framework 등 기타 프로그래밍 언어 활용 가능... 보유 - Shell script, 
python 및 web framework..."
2642a83874ea6bab,"영상처리, 컴퓨터 비전 전문가 (신입/경력)",성남 수정구,"연봉 30,000,000원 - 35,000,000원","인원 [담당업무]
Python, C++, MFC, C를 이용하여 - OpenCV 로 Visual SLAM 개발- MFC, 
Python을 이용하여 GUI... 통신·모바일·게임>응용프로그래머>
Python|인터넷·IT·통신·모바일·게임..."
7e08ac1b6b6f9e19,신입/경력사원,서울 마곡역,,"Radar 신호처리 알고리즘 개발 [경험/역량] - 차량용 Embedded S/W 개발 경험 - C, 
Python 언어 개발 경험 보유 - Business 영어 회화 가능 [우대사항] - AUTOSAR, Model-Based..."
53c7c22b9dacbbe3,서버 개발자 Python(Django) Developer (경력),서울 마포구,,"유관직무 경력자 우대 서버 개발자 
Python(Django) Developer... 있습니다.■ 자격 요건 인터넷·IT·통신·모바일·게임>웹프로그래머>
Python|인터넷·IT·통신·모바일·게임>웹프로그래머>웹개발|인터넷·IT·통신..."
69d3cc2cca262747,Machine Learning Engineer Intern - Korea,서울,,"Fluent... least one programming language including 
Python, Java, and Golang. Fluent in speaking and writing both Korean..."
3d5088b1ada7a628,Digital Healthcare(Digital Therapeutics R&D - AI 모델 개발) 경력,성남 분당구,,"게임>빅데이터·AI(인공지능)>인공지능(AI)|인터넷·IT·통신·모바일·게임>빅데이터·AI(인공지능)>
Python|인터넷·IT·통신·모바일·게임>빅데이터·AI(인공지능)>딥러닝|인터넷·IT·통신·모바일·게임>빅데이터·AI..."
3423a48e17bafd9c,[진행중] 빅데이터사업부 전문직(데이터 사이언티스트) 채용공고,서울 회현동,,"컴퓨터공학)/수학/통계 관련 전공자 - 은행, 카드, 보험 등 금융 데이터 활용 분석 경험 보유자 - 
Python/R/Java 등 분석 및 프로그래밍 언어 사용 경험자 - 상품 추천, 이탈 예측, VOC 분석(STT..."
705f1a36a7fafed3,은행 정보계 DW 시스템 담당자,서울 중학동,,"MySQL 등) 대용량 쿼리 개발/튜닝 경험을 보유하신 분 - SW 개발 능력을 보유하신 분(Java/
Python 등) 우대사항 - 은행 정보계 시스템(DW/규제/회계/리스크) 운영 경험을 보유하신 분 - 시각화/분석..."
cd919aed133f6b4d,빅데이터분석 수시 채용,서울 을지로2가,,"대사항] - 빅데이터 분석 프로젝트 Leading 경력 - 보건의료 빅데이터 분석 경력 - SAS, R, 
Python 등 프로그래밍 가능자 - 머신러닝/딥러닝 활용 예측모형 개발 - 보건의료빅데이터(건강보험심사평가원, 국민..."
0ae9a3da7923877b,(주)데이터누리 PM/PL & 데이터분석가 정규직,서울 강서구,,"SQLD(SQL개발자), 데이터아키텍처 전문가﻿﻿﻿﻿[우대사항]- 
Python, R 등 경험자- 보유자격(우대) : 데이터분석 전문가, 데이터분석... 게임>빅데이터·AI(인공지능)>
Python|인터넷·IT·통신·모바일·게임..."
2252bd5d0ed5210a,"Full Stack Software Engineer, TensorFlow Extended (English)",서울,,"language, including Java, C/C++, C#, Objective C, 
Python, JavaScript, or Go. Ability to speak and write in English fluently..."
192c20f6f0f64ab3,[2022 전문연구요원] AI R&D - Language AI,성남 판교역,,"기술을 서비스에 적용하기 위한 MLOps 플랫폼을 개발합니다. 지원자격 학력 : 석사 이상 필수조건 - 
Python, Java등 한 가지 이상의 컴퓨터 프로그래밍 언어를 활용할 수 있으신 분 - 머신러닝/딥러닝 기술에 대한..."
b34a6460c9df219a,"Analytics Manager, APAC, Global Supply Analytics",서울,,"experience within Statistics... Data Science (SQL, 
Python, Hadoop, Tableau Software) Able to ask the right questions..."
afcf245c3045a6a4,"[AI Human 솔루션 개발 기업] Python, 머신러닝(ML) 경력 정규직",서울 강남구,,"Human 솔루션 개발 기업] 
Python, 머신러닝(ML) 경력 정규직... 경력(3년 이상 )학력사항: 석사졸업 이상기타: 79년생 미만 우대
Python/C/C++ 및 영상처리, 음성처리, NLP(일부 만족해도 검토 가능..."
2fadb392d2b98351,[디엠씨코넷] 빅데이터 분석 기반 비즈니스개발자 양성 & 취업연계 과정 교육생,세종특별자치시 세종,,"분석 기반 비즈니스개발자 양성 &취업연계 과정○ 활동내용통계,DB,
Python을 활용한 빅데이터 분석, 머신러닝,딥러닝,빅데이터 엔지니어링Real... 통신·모바일·게임>응용프로그래머>
Python|인터넷·IT·통신·모바일·게임..."
ecb453d856c16f62,Deep Learning Library 개발자,성남 분당구,,"AI(인공지능)>데이터분석|인터넷·IT·통신·모바일·게임>빅데이터·AI(인공지능)>머신러닝|인터넷·IT·통신·모바일·게임>빅데이터·AI(인공지능)>딥러닝|인터넷·IT·통신·모바일·게임>빅데이터·AI(인공지능)>
Python"
4df3c964ca1430e7,[11번가] 자연어 및 검색 질의 분석과 처리 위한 시스템 개발 분야,서울 중구,,"통신·모바일·게임>빅데이터·AI(인공지능)>데이터분석|인터넷·IT·통신·모바일·게임>빅데이터·AI(인공지능)>
Python|인터넷·IT·통신·모바일·게임>빅데이터·AI(인공지능)>머신러닝|인터넷·IT·통신·모바일·게임>빅데이터..."
d25bbfa5dedf5899,여행사업본부 6월 정기 수시,서울 중구,,"전략>사업제휴|인터넷·IT·통신·모바일·게임>웹프로그래머>웹개발|인터넷·IT·통신·모바일·게임>웹프로그래머>
Python|인터넷·IT·통신·모바일·게임>웹프로그래머>HTML·DHTML·mHTML|인터넷·IT·통신·모바일·게임..."
d53ce378550fadd9,[디엠씨코넷] 메타버스 구축 위한 XR 콘텐츠 프로그래밍 과정 교육생,서울,,"인터넷·IT·통신·모바일·게임>응용프로그래머>인공지능(AI)|인터넷·IT·통신·모바일·게임>응용프로그래머>
Python|인터넷·IT·통신·모바일·게임>응용프로그래머>자바스크립트|인터넷·IT·통신·모바일·게임>응용프로그래머>증강..."
5e93a5813609a953,[SNOW] 렌더링 엔진 개발자,성남 분당구,,"활용 경험 - Java, Swift(Objective C), Lua, 
Python 등 다양한 언어 경험 - Computer Graphics 이해 인터... 통신·모바일·게임>응용프로그래머>
Python|인터넷·IT·통신·모바일·게임..."
ec5c7ccd76639120,[외국계 스타트업 미소] Data Analyst,서울,,"통신·모바일·게임>빅데이터·AI(인공지능)>데이터분석|인터넷·IT·통신·모바일·게임>빅데이터·AI(인공지능)>
Python|인터넷·IT·통신·모바일·게임>데이터베이스·DBA>MySQL|인터넷·IT·통신·모바일·게임>데이터베이스..."
e3317c0f4c0e4e13,[AI R&D] Language AI(NLP) Research 분야 수시(22년2차) 모집,성남 판교역,,"분 - 통계/Machine Learning에 대한 이해와 활용 능력 및 text 처리 기술에 대한 경험 - 
Python, Java 등을 이용하여 NLP 기술을 구현 가능한 분 - 최신 기술(논문, 기술문서 등)을 습득하는..."
1399ee2f387a27dd,카카오 전체의 계정 플랫폼을 만들 서버개발자 모집,성남 판교역,,"를 사용한 웹어플리케이션 개발 하둡 에코시스템을 활용한 대용량 데이터 처리 Ruby on Rails, 
Python 을 사용한 개발 Kafka, Redis, Elastic Search 등을 활용한 개발 함께 성장하고 싶다면..."
53fbfe54f327d9dc,AI Software Engineer,경기도 성남,,"TensorFlow 5+ years of programming experience in 
Python, C/C++ and MATLAB Experience working with other developers using Git..."
58ffe9950f464f19,[카카오메이커스] 퍼포먼스 마케터 모집,성남 삼평동,,"커머스 업계에서 2년 이상 실무를 하며 인사이트를 갖추신 분 - 분석언어 활용 역량을 보유하신 분 (SQL,
Python 등) - 서비스 내 자발적인 프로젝트를 통해 유의미한 Growth를 만들어 낸 경험이 있으신 분 전형..."
5776f077ba7b8529,악성코드 및 엔드포인트 보안 엔지니어 모집,성남 판교역,,"ELK, SOAR, EDR, NAC, PMS 등) 이슈를 적극적으로 발견하고 개선하고자 하는 능동적인 성격 
Python/Linux shell script 중급 이상 가능자 지원프로세스 서류전형 > 원격 인터뷰 > 1차..."
ad695cb2c767be8b,AI Research Engineer Intern,서울,,"optimization strategies. Programming skills with 
Python/C++. Experience working with one or more deep learning frameworks..."
b96f47b94d8b88a4,Data Scientist 신입 채용,서울 역삼동,,"우순순위에 따른 다양한 모델 개발(ex: 수요예측, 추천/랭킹시스템, 가격최적화) 자격요건 • R/
Python 기반 로그성 데이터 분석과 모델 개발 경험이 있으신 분 • 통계학, 머신러닝 관련 내용을 이해하고 활용가능..."
89f4196100a94fab,[뉴플랫폼기술] 클라우드 엔지니어(보안),성남 분당구,,"운영 경험이 있는 분· 하나 이상의 프로그래밍 언어(Javascript, 
Python, Go 등)에 익숙한 분· 클라우드 보안 아키텍쳐(IAM, SG... 통신·모바일·게임>응용프로그래머>
Python|인터넷·IT·통신·모바일·게임..."
599dd49e865c75f8,통합 log관리 시스템 개발 위한 전문가,서울 종로구,,"수 있는 toolchain 구성을 준비하고 있습니다.이런 분을 찾습니다.필요 역량 및 경험- Java, 
Python, C++ 등 1개 이상 개발 언어 숙지- MySQL 또는 유사한 RDBMS을 활용한 서비스 개발 경험- OS..."
ff78609c3b02a9b6,"Solutions Architcet 전문가 (과장/이사급 10명 이상) , 아마존 AWS (강남 테헤란로",서울 강남구,,"languages... Ruby, 
Python and Node... 현대 개발 언어에 대한 실무적 지식: 루비 (Ruby), 파이썬 (
Python), Node.js 등 · 개발자 및 IT 운영자 대상의 신기술 전파에..."
13b675c6f73ff110,Software Engineer,경기도 성남,,"C++ 능숙자 (주요 언어는 C++이며 C#도 활용) Java 및 
Python 경험 선호 영어활용 중급 이상 (외국인과 천천히라도 본인의 의견을 표현... C#, JavaScript, 
Python. Working knowledge..."
af846ce8ea8351ab,"Software Engineer, Camera 3A",서울,,"driver, hal, framework, and application. Experience in any of 
Python, Halide, and Neon programming. About the job Google..."
d1d26bc871719fe2,대학생인턴십 2기 모집,서울 영등포구,,"러시아어 회화 가능자 - 통계 프로그래밍(Minitab, SPSS, SAS 등), 프로그래밍언어(R, 
Python 등) 활용 경험 보유자 - 빅데이터/IT/품질/환경안전 관련 자격증 보유자 - PLC,N/W, 비전, 센터..."
649533e88bb60659,머신러닝 엔지니어 (Machine Learning Engineer),서울 영등포구,,"프레임워크: Apache Spark, Airflow, Metabase, AWS Sagemaker 언어: 
Python, Go, SQL 모델링 프레임워크 및 도구: TensorFlow, Pytorch 자격 요건 데이터 분석 및..."
2d887b3032ebc835,"Associate Software Engineer, gReach Program for Veterans (보훈...",서울,,"more programming languages (e.g., 
Python, C, C++, Java, JavaScript, etc.). Ability... C++, Java, C, 
Python, etc.). Experience..."
5133adebeb209d23,AI 모빌리티 서비스의 미래 함께 열어갈 우수한 인재 찾습니다.,성남 분당구,,"인터넷·IT·통신·모바일·게임>응용프로그래머>인공지능(AI)|인터넷·IT·통신·모바일·게임>응용프로그래머>
Python|인터넷·IT·통신·모바일·게임>데이터베이스·DBA>SQL|인터넷·IT·통신·모바일·게임>데이터베이스·DBA>MySQL"
45d42df3ee2bda94,[KREAM] Server 개발자,성남 분당구,정규직,"적극적인 커뮤니케이션을 지향합니다. 인터넷·IT·통신·모바일·게임>네트워크·서버·보안>네트워크구축·운영·관리|인터넷·IT·통신·모바일·게임>응용프로그래머>
Python|인터넷·IT·통신·모바일·게임>통신·모바일>플랫폼(VM)"
fcca8bee03808ea7,Senior Data Scientist,서울,정규직,"tools Experienced in high-level programming languages (
Python preferred) Knowledge in SQL, working with queries and large..."
a6df380651726bc0,[TmaxAI/R&D] NLP/음성 부문 AI모델 개발자(*전문연구요원 병역특례포함),성남 분당구,정규직,"23년 2월 졸업 예정자 [음성, 자연어처리] -관련 분야의 연구 경험 / 기본 지식 보유자 -기본적인 
Python 프로그래밍이 가능하신 분 [감성 분석 / 신사업 솔루션 개발] -머신러닝 및 딥러닝, 언어모델의 종류와..."
0282c5728169ac62,데이터 애널리스트 (Data Analyst),서울 영등포구,,"AWS Sagemaker 언어: 
Python, SQL 자격 요건 SQL... 리포팅 툴을 자유자재로 활용하실 수 있으셔야 합니다. 프로그래밍 언어(
Python/R, etc)를 활용하여 데이터 분석을 원활하게 수행할 수 있으셔야..."
bdcfb8150f3beed4,"[양재역] AI/빅데이터 Data Scientist (석,박사)",서울 서초구,정규직,"능력 - 데이터를 읽고 쓰고 살펴보기 위한 프로그래밍 코딩(예. R, 
Python, MatLab, TensorFlow 등)의 이해와 활용능력 - 데이... 프로그래밍 코딩(예. R, 
Python, MatLab, TensorFlow..."
5b94564df8d37e65,AI 비정형 모델 개발,서울 영등포구,정규직,"분석 혹은 ML 모델링 관련 실무경력 2년 이상(※ 관련전공 : 컴퓨터공학, 수학, 통계, 산업공학 등) ● 
Python 및 PyTroch, Keras, Tensorflow 등 ML framework 숙련자 ● git 숙련자..."
7829d73123bc5a28,[TmaxOS/R&D] OS부문 개발자,성남 분당구,정규직,"솔루션 개발 [주 사용 언어] - C/C++ - JavaScript/TypeScript - Java - 
Python 자격요건 (공통) 해외 여행에 결격 사유가 없는 자 - 4년제 대졸(학사) 이상 / 기졸업자 또는 23년..."
7328ad393e24a4df,백엔드 개발자,서울 영등포구,정규직,"Back-end 설계 및 개발(
Python 기반) 실무 경력 4년이상... 응용프로그래머>
Python|인터넷·IT·통신·모바일·게임>응용프로그래머>API|인터넷·IT·통신·모바일·게임>빅데이터·AI(인공지능)>
Python"
d8ce1f296d459835,클라우드 기술지원 엔지니어,성남 판교역,,"Linux, Windows Server 트러블 슈팅 숙련자 - 2년 이상의 개발 경험자 (PHP, 
Python 등) - 아래 기술 분야 중 1개 이상의 풍부한 지식 및 운영 경험 보유자... Open Source..."
19da3484bd7a72f1,Machine Learning R&D 연구원,서울 서초구,정규직,"가능) ㆍ최신 딥러닝, 기계학습 이론에 대한 이해 및 구현 역량 ㆍ
Python, TnsorFlow, C/C++, TensorRT 등 프로그래밍 실무... 대한 이해 및 구현 역량 ㆍ
Python, TnsorFlow, C/C++..."
7b0b1d6bf1b37ed4,"Deep Learning Engineer 딥러닝 엔지니어 계약직, 전문연구요원 전문연",서울 성동구,,"러닝 서비스를 원활하게 제공합니다.[근무부서 및 직급/직책]근무부서: 기술팀직급/직책: 팀원 [자격요건]- 
Python 또는 C++ 중 하나의 언어 능숙하게 사용 가능- PyTorch, Tensorflow 등의 딥러닝 프레임..."
d158e683dc0b7500,파이썬 개발자 초중급 이상,서울 서초구,정규직,"전형 접수방법 채용시 접수방법: 인크루트 채용시스템 접수양식: 인크루트 이력서 기타 유의사항 입사지원서 및 제출서류에 허위사실이 있을 경우 채용이 취소될 수 있습니다. 인터넷·IT·통신·모바일·게임>응용프로그래머>
Python"
f0c7c08485085240,[마비노기모바일] 연구 개발 프로그래머,서울 강남구,정규직,"험을 풍성하게 할 기술 개발 작업에 참여합니다.- 머신러닝, VR 등 신기술을 탐색, 실험합니다.- C#, 
Python, Javascript 등 다양한 언어와 환경을 사용합니다. 인터넷·IT·통신·모바일·게임>게임(Game..."
d05ef478cc8a9f08,MongoDB 담당자 영입,성남 분당구,정규직,"자세히 보기- 카카오페이 크루가 일하는 방법 자세히 보기- 카카오페이 문화에 대해 더 알아보기﻿ 인터넷·IT·통신·모바일·게임>데이터베이스·DBA>Oracle DB|인터넷·IT·통신·모바일·게임>응용프로그래머>
Python"
13ef6f86810c0843,"2022년 상반기 주식회사 쏘마 전 개발 직군 (백엔드, 프론트엔드 외 신입/경력 정규직)",성남 분당구,정규직,"트엔드|인터넷·IT·통신·모바일·게임>웹프로그래머>
Python|인터넷·IT·통신·모바일·게임>응용프로그래머>C·C++|인터넷·IT·통신·모바일·게임>응용프로그래머>
Python|인터넷·IT·통신·모바일·게임>빅데이터·AI(인공..."
dd01dd905fa587ed,"[대기업] 딥러닝 (AI, 영상인식) 전문가 (석박사급)",서울,정규직,"공지능)>딥러닝|인터넷·IT·통신·모바일·게임>빅데이터·AI(인공지능)>
Python|인터넷·IT·통신·모바일·게임>빅데이터·AI(인공지능)>데이터분석... 통신·모바일·게임>응용프로그래머>
Python|인터넷·IT·통신·모바일·게임..."
4d847e236cb125dd,[실내배송로봇 연구개발] - Robotics Software Engineer 외,서울 강서구,정규직,"로보틱스 기술 분야에 대한 이해 및 개발 경험- C / C++ or 
Python 이해 및 개발 능숙[우대사항]- 실내 자율 주행 개발 프로젝트 수행... 개발 경험- C / C++ or 
Python 이해 및 개발 능숙[우대사항..."
7202a4c549df9ccf,보안 검수/분석 담당자 모집,서울 구로구,,"3년 이상의 모의해킹 경험(웹, 모바일 애플리케이션 등) - 한 가지 이상의 언어의 개발능력 보유 (
Python, Go 등 ) - ARM, X86 아키텍처 환경의 리버스 엔지니어링 경험 우대조건 - 게임 모의해킹 또는..."
87309d3ff40ead61,딥러닝 AI 개발 연구원,성남 수정구,정규직,"시스템프로그래머>임베디드(Embedded)|인터넷·IT·통신·모바일·게임>응용프로그래머>C·C++|인터넷·IT·통신·모바일·게임>응용프로그래머>Linux|인터넷·IT·통신·모바일·게임>빅데이터·AI(인공지능)>
Python"
6909ce8f3ceb4814,2022년 스마트팩토리(인공지능) 전문인력양성 교육생,서울,정규직,"통신·모바일·게임>빅데이터·AI(인공지능)>데이터분석|인터넷·IT·통신·모바일·게임>빅데이터·AI(인공지능)>
Python|인터넷·IT·통신·모바일·게임>빅데이터·AI(인공지능)>머신러닝|인터넷·IT·통신·모바일·게임>빅데이터..."
55a19c92c845685e,Developer / Designer recruit,서울 논현동,,"language (i.e 
Python, Ruby, Java, .Net... High proficiency in 
Python... knowledge... least one 
Python web framework..."
e742db63ad7e269f,프론트엔드 개발자/디자이너/기획/마케터 정직원,성남 수정구,"연봉 30,000,000원 - 35,000,000원정규직","JAVA|인터넷·IT·통신·모바일·게임>웹프로그래머>백엔드|인터넷·IT·통신·모바일·게임>웹프로그래머>
Python|인터넷·IT·통신·모바일·게임>웹프로그래머>HDML|인터넷·IT·통신·모바일·게임>웹프로그래머>APM|인터넷..."
4721ceaf47437a8b,BI팀 채용,용인 기흥구,정규직,"해석 1. 학력 : 석사이상 (2개월 이내 근무 가능자) 2. 생명정보학 전공자 3. 프로그래밍 가능자 (
Python, Perl, R 등) 4. Germline / Somatic / Cell-free DNA NGS 데이터를..."
c04680232735292a,가상자산 트레이딩 / 시스템 개발자,서울 강남구,정규직,"및 제출서류에 허위사실이 있을 경우 채용이 취소될 수 있습니다. 금융·보험·증권>투자·분석·증권·외환>자산관리|인터넷·IT·통신·모바일·게임>응용프로그래머>
Python|인터넷·IT·통신·모바일·게임>응용프로그래머>C·C++"
ca5b2f6d10c6f5b2,[데이터 프로덕트] MLOps 개발자,성남 판교역,정규직,"년 이상 또는 관련 분야 학위(석사/박사) 소지 ⁃ 필수 언어/도구: kubernetes, docker, 
python, shell script, YAML, git #우대사항 ⁃ 대용량 실시간 서비스 개발, 운영 경험이 있으..."
b22adf00b47eaa32,AI Research Engineer,서울,정규직,"PyTorch, Caffe, and MxNet - Strong programming skills with 
Python and C/C++ - Experiences in programming and testing in Linux..."
44f52ea73a6d25da,기술 문서 작성 전문가,성남 분당구,"연봉 40,000,000원 - 100,000,000원정규직","모바일·게임>빅데이터·AI(인공지능)>인공지능(AI)|인터넷·IT·통신·모바일·게임>빅데이터·AI(인공지능)>
Python|인터넷·IT·통신·모바일·게임>빅데이터·AI(인공지능)>머신러닝|인터넷·IT·통신·모바일·게임>빅데이터..."
21a968652918907e,소프트웨어(SW) 개발,서울 영등포구,정규직,"통신·모바일·게임>빅데이터·AI(인공지능)>비전인식|인터넷·IT·통신·모바일·게임>빅데이터·AI(인공지능)>
Python|인터넷·IT·통신·모바일·게임>빅데이터·AI(인공지능)>딥러닝|인터넷·IT·통신·모바일·게임>빅데이터..."
7e84d50ec4d60c1d,네트워크 엔지니어 모집,서울 구로구,,"네트워크 설계, 구축, 운영 경험 - 오픈소스 기반의 네트워킹 솔루션 설치 및 운영 - 개발 언어 지식 (
Python, Ansible 등) - CCIE 자격증 소지자 * 국가보훈대상자 및 장애인은 관련법령에 의거하여 우대합..."
6efec1eb3c65d77d,Offline to Online (O2O) / App Member Analyst Manager - Nike...,서울,정규직,"Visualization tools, Database clients (SQL), statistical tools, 
Python for data, Web analytics, clickstream, etc. SQL skills..."
89c68d96e88268b1,2022년 상반기 정보보안 엔지니어 - 취약점파트,서울 금천구,정규직,"Top 10에 대한 설명과 구현/조치 가능 국내 컴플라이언스 대응 경험 (주요정보통신기반시설 가이드 등) 
Python 활용자 Kali 및 Metasploit 경험자-군필자, 경력자, 관련 학과 졸업자 우대 * 자격요건과 우대..."
f94fd2fd0e93cb5c,[데이터 프로덕트] 데이터 엔지니어 모집,성남 판교역,정규직,"엔지니어링 2년 이상 업무경험 보유자 ⁃ 하둡 에코시스템의 전반적 이해를 바탕으로 ETL 가능하신 분 ⁃ 
python(필수), java, go, bash 등 언어 중 하나 이상 활용 가능하신 분 ⁃ 새로운 기술에 대한 관심이..."
65d17e4704beb445,네트워크 보안 담당자 채용,서울 중학동,정규직,"정보보안기사 등 관련 자격증을 보유하신 분 - 포렌식 업무 경험 또는 관련 자격증을 보유하신 분 - Java, 
Python 등 프로그래밍 언어가 능숙하신 분 근무조건 [근무조건] - 근무형태 : 정규직 - 모집인원 : 명..."
d321f3119ec69587,시스템 엔지니어 모집,서울 구로구,,"경험 - 컨테이너 기술을 이용한 운영 경험 - 오픈소스 기반을 활용한 시스템 구축 경험 - 개발 언어 지식 (
Python, Ansible 등) * 국가보훈대상자 및 장애인은 관련법령에 의거하여 우대합니다. * 서류전형 합격..."
8b5826f367d5c122,렌더링 엔진 개발자 모집,성남 백현동,정규직,"디자인 패턴, ReactiveX 활용 경험 - Java, Swift(Objective C), Lua, 
Python 등 다양한 언어 경험 - Computer Graphics 이해 - Image Processing 이해..."
e13c32ba4eff23da,패션고 추천모델링 연구 개발,성남 판교역,,"튜닝, AB테스트, 결과 해석 등) - 리눅스 환경에서 머신 러닝 및 데이터 분석 관련 언어, 라이브러리(
Python, R, SQL, tensorflow 등) 능숙한 활용 - 통계, 머신 러닝 등 관련 분야(통계학,산업..."
e6f79134827d23a7,데이터분석 전문가 모집,서울 남대문로5가,정규직,"Data Studio R 
Python 담당 직무 11번가 데이터분석팀에... 용한 데이터 시각화 업무 경험이 있으신 분 •데이터 분석을 위한 R, 
Python등 프로그래밍 언어 활용이 가능하신 분 근무지 서울 스퀘어 지원..."
d8ede1205c7d2ec8,보안개발(자동화) 담당자 모집,서울 구로구,,"있으신 분 - Git 사용 경험이 있으신 분 - 원활한 커뮤니케이션 능력을 보유하신 분 우대조건 - 
Python Django 기반 백엔드 개발 경험 - Vue.js / React / Angular등 프론트엔드 프레임..."
56f7e20b3cd3199e,하반기 경력사원 공개,경기도 용인,정규직,"규직 자격요건 - 학사 이상, 경력 3년 이상 - 리눅스환경/프로그래밍 활용능력 보유 (C＋＋, Java, 
Python) - 웹/모바일 기반 응용 프로그램 개발 경력 우대 - ROS/ROS2 프로그램 개발 경력 우대 주요업무..."
1a58bbde08918b54,[인턴십] 센서 실험실 엔지니어 (12개월),서울 강남구,,"학사.석사 재학생 및 휴학생 - 
Python 등 소프트웨어 언어 사용 경험... 험실 관리 지원- 전공 무관 / 대학교 학사.석사 재학생 및 휴학생- 
Python 등 소프트웨어 언어 사용 경험이 있는 분- 12개월 간 업무를 진행..."
2a1f4f300dd30f73,"QA 엔지니어, 테스터 엔지니어 계약직, 인턴",서울 중구,계약직 +1,"있으신 분• Kurbernetes, Docker와 같은 컨테이너 환경에 익숙하거나 개발 경험이 있으신 분• 
Python, Javascript 등의 스크립트 언어 사용 경험이 있으신 분 1 명 근무조건 고용형태: 계약직(근무기..."
a3db0fef10f726b8,데이터 엔지니어 모집,서울 구로구,,"REST API 개발 - 데이터 파이프라인 설계 및 개발 운영 자동화 자격요건 - Java 또는 
Python 관련 경력 3년 이상 - Git / Bash Shell Script 사용 능력 보유 - 운영 서비스 자동화..."
05a2b906f5c7b51e,"전사 협업 플랫폼(Jira, Confluence, Slack) 운영 담당자 영입",성남 백현동,정규직,"개발 경력 3년 이상, 전산 관련 학과 학사 이상 또는 동일한 자격을 보유하신 분 - Java, kotlin, 
python, Javascript(node.js) 등 하나 이상의 언어에 익숙하고, 개발 백그라운드가 있으신 분..."
c47568a5a71d438e,2022년 ICT이노베이션스퀘어 인공지능(AI)/블록체인 3기 교육생,서울,정규직,"통신·모바일·게임>빅데이터·AI(인공지능)>데이터분석|인터넷·IT·통신·모바일·게임>빅데이터·AI(인공지능)>
Python|인터넷·IT·통신·모바일·게임>빅데이터·AI(인공지능)>머신러닝|인터넷·IT·통신·모바일·게임>빅데이터..."
f6e8740c369a1a55,[개발자 ] 빅데이터플랫폼 / Python 개발 경력자,안양 동안구,정규직,"터플랫폼 / 
Python 개발 경력자 모집부문 및 자격요건 담당업무자격요건인원ㆍ백엔드 [자격요건]ㆍ경력 : 경력 3년 이상ㆍ
Python, Docker... 래머>
Python|인터넷·IT·통신·모바일·게임>응용프로그래머>
Python"
8ab99f09dbabedc5,Software Engineer Intern,서울,임시직 +1,"nationals with valid residential status in Korea. Fluent in 
Python, shell scripts and C/C++. Fluent in JavaScript, HTML..."
35edadb6d2243223,[AI 가상인간 기술 스타트업] (주)유어라운드 AI 연구개발자,서울 마포구,정규직,"이동, 전송 등의 작업)- 딥러닝 모델에 대한 기본적인 지식 보유자- 
Python으로 코드작성이 가능하신 분- 이미지 데이터 처리 경험이 있으신 분... 게임>빅데이터·AI(인공지능)>
Python|인터넷·IT·통신·모바일·게임..."
9ad0dd9ae5033379,[TmaxEdu/R&D] Edu 연구 개발자,성남 분당구,정규직,"CSS, JavaScript, TypeScript [Server 개발(사용 언어)] - Java, 
Python, SQL [Framework(사용 언어)] - React.js, Spring [입사 지원 시 참고 사항..."
2922d060df496221,Scrum Master (Machine Learning),서울,,"Learning Experience in multiple programming languages (e.g, 
Python, Java, C , C++ etc) Experience in software architecture..."
8939aa3561d700c2,응용소프트웨어 신입 경력 초빙,서울 성북구,"연봉 25,000,000원 - 30,000,000원정규직","(주)쿠노소프트 인공지능(AI), 
Python 외 신입/경력 정규직 채용... 래머>인공지능(AI)|인터넷·IT·통신·모바일·게임>응용프로그래머>
Python|인터넷·IT·통신·모바일·게임>응용프로그래머>Visual C++(MFC..."
e6505346ac1f2bee,데이터 분석 및 지표 설계,경기도 성남,정규직,"활하신 분 - 스프레드시트, Excel 등을 활용하여 데이터 검토가 가능하신 분 [우대사항] - R, 
Python 등 데이터 분석을 위한 개발언어 스킬을 보유하신 분 - 미디어플랫폼 비즈니스 경험이 있거나 관심이 있으..."
4d581909a8a1b251,Systems Administrator,서울,정규직,"Active Directory, DNS & DHCP Intermediate to Advanced 
Python 2 & 3 skills required. JavaScript/PHP/Bash skills are beneficial..."
d907329ce83b7fc7,ESS 기반 에너지 블록체인 전력거래 서비스 추가 개발 및 운영 백엔드 개발자,서울 강북구,"연봉 30,000,000원 - 35,000,000원정규직","격요건]경력사항: 신입, 경력()학력사항: 학력무관직무기술: Node.js, javascript, AWS, 
Python 1 명 근무조건 고용형태: 계약직(근무기간 협의 후 결정, 수습기간 3개월, 정규직 전환검토), 프리랜서..."
3968623aa3e729c8,디지털미디어[Digital Media] Video 엔지니어 - 글로벌 OTT서비스 기업,서울 강남구,정규직,"게임>멀티미디어(동영상·음향)>코덱·인코딩|인터넷·IT·통신·모바일·게임>멀티미디어(동영상·음향)>멀티미디어기획|인터넷·IT·통신·모바일·게임>응용프로그래머>클라우드|인터넷·IT·통신·모바일·게임>응용프로그래머>
Python"
681608bebd3b74e8,GUI 시스템 개발,서울 송파구,정규직,"로그래머>백엔드|인터넷·IT·통신·모바일·게임>웹프로그래머>프론트엔드|인터넷·IT·통신·모바일·게임>웹프로그래머>
Python|인터넷·IT·통신·모바일·게임>웹프로그래머>ASP.NET|인터넷·IT·통신·모바일·게임>웹프로그래머..."
65e5783ea4783e38,[HYBE] 소프트웨어 엔지니어 (풀스택 개발자),서울 용산구,정규직,"보유한 분HTML, CSS, Javascript등에 능숙하신 분Java, C#, Kotlin, Scala, 
Python중 하나 이상의 언어 사용 경험Rest API 또는 RPC 개발 경험이 있으신 분블록체인에 대한 이해와..."
48c56fc0745c828e,D-lab 팀원 모집,서울 여의도,정규직,"Spark 등) - Data Pipeline 구성, 모니터링 및 성능 최적화 (Tableau 또는 
Python Torch, Tensorflow 등 ML Library와 BI 분석을 위한 데이터 공급) 2) Back..."
58cc2cc0f2b4d847,[EY한영] 전략·재무자문본부 가치평가팀 파생상품 경력직 모집,서울 영등포구,,"사항] - 금융공학/수학/컴퓨터공학/산업공학 관련 전공자 - 파생상품 평가관련 지식 보유자 - C++/C, 
Python, VBA 활용 개발 유경험자 [전형절차] - 1차 서류 심사 - 2차 실무/임원 면접 *서류..."
9411f32a856fe635,카드 업무자동화 개발 및 운영 경력사원 채용,서울 상암동,정규직,"0명) [필수사항] ㅇ RPA 개발 및 운영 2년 이상 경험자 ㅇJava, Javascript, C#, 
Python 개발 경험 [우대사항] ㅇ 다양한 RPA 시스템 개발 및 구축 경험자 ㅇ금융권 여신업무 개발 및 운영 2..."
71ddb237f5156dc7,[NHN DATA] 데이터처리 플랫폼 개발자 경력,성남 분당구,정규직,"분석 경험- 데이터 기반의 문제해결 역량 및 논리적 사고- Java, 
Python, Scala 중 최소 1가지 언어를 이용한 데이터 분석 및 소프트웨... 게임>빅데이터·AI(인공지능)>
Python|인터넷·IT·통신·모바일·게임..."
de6547a5f2894d76,리서치(사회조사/마케팅/시장조사) 연구원 신입/경력 정규직,서울 성동구,정규직,"PowerPoint 이용 문서작성 능숙자 SPSS, AMOS, R, 
Python 등 관련 툴 사용 가능자 주식회사 리서치앤유 리서치(사회조사/마케팅... 숙자SPSS, AMOS, R, 
Python 등 관련 툴 사용 가능자 1 명..."
79fb95da6dff4025,하반기 신입(채용 연계형 인턴) 수시채용,서울 마곡동,계약직 +1,"Python, R, 기타 코딩 능력 보유자 또는 통계 분석에 대한 기초 지식 보유자 중 1개 해당자 우대사항 · 통계 분석에 대한 기초 지식 보유자 · 기초 프로그래밍 코딩 구현 능력 보유자 (
Python or R..."
ba7f56279571beb0,"2022년 6월 경력사원 (자동차전지생산/PM, 소형전지생산)",청주 오창읍,,"개발 - 빅데이터 분석 및 머신러닝/딥러닝 시스템 개발 필수사항 - 
Python 프로그래밍 경험자 우대사항 - 영어/중국어/폴란드어 회화 가능자 - 
Python 사용 가능자 (Pytorch, Tensorflow, Pandas..."
5af57e7e35d34c29,[넥슨코리아] 사내 인프라팀 DBA (SQL Server),경기도 성남,,"프로세스의 이해, 개발 프로젝트 구축 및 지원 경험 - 자동화를 위한 스크립트(powershell, bash, 
python 등) 경험 - Windows, Linux 등 서버 OS에 대한 기본 이해 - AWS, Azure..."
8ce6cbedafd12e14,[쿠키런: 오븐브레이크] 데이터 분석가 (경력),서울 강남구,정규직,"text-align: center; } 지원하기 인터넷·IT·통신·모바일·게임>ERP·시스템분석·설계>데이터분석|인터넷·IT·통신·모바일·게임>응용프로그래머>
Python|인터넷·IT·통신·모바일·게임>웹프로그래머>
Python"
6463e7d8d2f98552,[취업연계] AI 클라우드/메타버스 영상인식 교육생,부산,정규직,"통신·모바일·게임>웹프로그래머>
Python|인터넷·IT·통신·모바일·게임... 로그래머>머신러닝(ML)|인터넷·IT·통신·모바일·게임>응용프로그래머>
Python|인터넷·IT·통신·모바일·게임>응용프로그래머>증강현실(AR)|인터넷..."
4a49e902c54a6b51,소프트웨어 개발자 (WebRTC UC & Collaboration),서울 금천구,정규직,"웹프로그래머>Servlet|인터넷·IT·통신·모바일·게임>웹프로그래머>
Python|인터넷·IT·통신·모바일·게임>웹프로그래머>ASP|인터넷·IT·통신... 통신·모바일·게임>응용프로그래머>
Python|인터넷·IT·통신·모바일·게임..."
0229342521a71f63,(주)리얼데이터 분석컨설팅 인력,서울 성동구,정규직,"이터·AI(인공지능)>데이터마이닝|인터넷·IT·통신·모바일·게임>빅데이터·AI(인공지능)>빅데이터|인터넷·IT·통신·모바일·게임>빅데이터·AI(인공지능)>
Python|인터넷·IT·통신·모바일·게임>빅데이터·AI(인공지능)>R"
ed8bb1b94838f911,(주)제때 2022년 하반기 대졸공채,서울 중구,"연봉 40,000,000원 - 50,000,000원정규직","C#|인터넷·IT·통신·모바일·게임>응용프로그래머>자바스크립트|인터넷·IT·통신·모바일·게임>응용프로그래머>
Python|유통·물류·운송·운전>운송·물류>물류관리|유통·물류·운송·운전>운송·물류>입출고관리|유통·물류·운송·운전..."
3b7dbdf85a326a6d,국내 대기업 - AI 및 딥러닝 관련 경력자,서울,정규직,"관련 전문 지식 있는 분 - 
Python 또는 Scala, JAVA 활용... 레임워크 활용 역량 좋은 분- 자연어처리 관련 전문 지식 있는 분- 
Python 또는 Scala, JAVA 활용 역량- 미디어/커머스/전자/IT 업계..."
ac9068957c550cb3,데이터 전문가(모델러/분석가/엔지니어) 모집,성남 판교역,정규직,"대용량 데이터를 효율적으로 사용하기 위한 기반 데이터 가공 지원자격 데이터 사이언스를 위한 언어(R/
Python/Scala) 및 도구(scikit-learn/Spark MLlib/Tensorflow/Pytorch 등)를..."
3baeeb38be431566,"R&D Engineer, Sr Staff",경기도 성남,,"EDA Tools development Experience in scripting languages (bash, 
Python, TCL) Design, implementation and maintenance of new..."
343928cf14a59bf7,클라우드 (플랫폼 운영),서울 마포구,정규직,"통신·모바일·게임>응용프로그래머>클라우드|인터넷·IT·통신·모바일·게임>응용프로그래머>
Python|인터넷·IT·통신·모바일·게임>웹프로그래머>
Python|인터넷·IT·통신·모바일·게임>빅데이터·AI(인공지능)>
Python"
b0002ec04b6e2347,[11번가] System Engineer 분야,서울 중구,정규직,"이런 일을 합니다.[Linux, IaC(
python, java, bash 등), Private/public Cloud, Web/WAS/Cache/ELK ]시스템엔지니어링 조직은 대용량 DBMS, 대규모 가상화 클러스터 및..."
8d43cb4ea87ff50c,[하나금융융합기술원] Computer Vision 경력사원 모집,인천 청라동,정규직,"딥러닝 프레임워크(TensorFlow, PyTorch등) 기반 컴퓨터비전 연구개발 경험 · 프로그래밍(
Python, C/C++ 등) 능력 [우대사항] ·컴퓨터 그래픽스 이해/구현/활용 경험 ·AI관련 최신 논문의 이해/구현..."
6b5c350fc0d0fb81,딥러닝 영상처리 소프트웨어 개발자,서울 성동구,"연봉 30,000,000원 - 35,000,000원정규직","C, C++, C#, WPF, 
Python 언어 등 개발 - 개발 프로젝트... 개발- 영상처리 알고리즘 개발 경험자- C, C++, C#, WPF, 
Python 언어 등 개발- 개발 프로젝트 실무 경험 우대 -> TCP, UDP..."
4640ad1432abe28f,[메이플스토리 유니버스] MOD N 게임 서버 프로그래머,경기도 성남,,"능숙하신 분 - 네트워크 프로그래밍, 멀티 스레드 프로그래밍 경험이 있으신 분 - C#, Java, 
Python 등을 활용해서 API 서비스 개발 경험이 있으신 분 - NoSQL(MongoDB, DynamoDB 등)에..."
a9043783ae081743,금융 Data scientist,서울 송파구,정규직,". R, 
Python, SQL 등을 활용한 기본적인 데이터 처리 및 분석 경험... 직책]근무부서: 플랫폼부문직급/직책: 팀원, 대리, 사원 [자격요건]. R, 
Python, SQL 등을 활용한 기본적인 데이터 처리 및 분석 경험..."
a5314104cb10c9a6,Web RTC UC & Collaboration Frontend & Backend Developer,서울 금천구,정규직,"JAVA|인터넷·IT·통신·모바일·게임>웹프로그래머>프론트엔드|인터넷·IT·통신·모바일·게임>웹프로그래머>
Python|인터넷·IT·통신·모바일·게임>웹프로그래머>웹개발|인터넷·IT·통신·모바일·게임>데이터베이스·DBA>SQL..."
d5ba297babedd69d,정보보호 담당자,서울 구로구,,"및 금융감독원 등 규제기관 검사 대응 경험자 - 정보보안(시스템/네트워크/개발 보안) 지식 보유자 - 
Python/JAVA 등 프로그래밍 개발 역량 보유자 - 원활한 커뮤니케이션 능력 보유자 전형방법 - 서류전형..."
1d0e51e2e431995b,[농심ENG] 신입/경력사원 정기채용,서울 신대방동,정규직,"프로세싱 알고리즘 개발 경험자 - Open CV, Halcon, 
Python 사용자 - Vision SW 개발 경험자 - Deep Learning... Open CV, Halcon, 
Python 사용자 - Vision SW..."
6b6f63de9b079ee4,AI 모델 개발 경력 모집,성남 삼평동,정규직,"요건 필수 학력 : 학사 이상 전공 : 관련 분야 전공 경력 : 개발 경력 한정 만 5년 ~ 10년 
Python 기반 딥러닝 프레임워크(Tensorflow, keras, pytorch 등) 숙련자 및 AI 모델 개발..."
45ef50c3481fd92f,[신용리스크모델링 Intern] 개인 신용평가모형 개발 및 운영직(채용 연계형),성남 삼평동,계약직 +1,"Learning을 비롯한 최신 통계모형을 활용하여 신용평가모형을 개발하고 운영합니다. SAS, SQL, 
Python, R 등을 활용한 데이터 분석 능력이 필요하며, 데이터 분석 대회에서 입상한 분, 통계/수학/산업공학/상경계..."
d8bf0b3f566b88f8,Blockchain Game Service Server Engineer,성남 분당구,정규직,"경력에 준하는 웹 개발 기본 지식을 보유 하신 분웹언어 (Java, 
Python, C#, PHP 등)을 이용한 Back-End 개발 경력이 5년 이상... 통신·모바일·게임>웹프로그래머>
Python|인터넷·IT·통신·모바일·게임..."
7cf54cae7c39d652,카카오커머스 데이터 분석 엔지니어 모집,성남 판교역,정규직,"지원자격 데이터 엔지니어 경력 3년 이상 Spark 중급 이상 사용자 프로그램 개발(Java, Scala, 
Python 등) 중급 이상 기술 보유자 대용량 데이터에 대한 실시간/배치 서비스 개발 운영 경험자 우대사항..."
a23f85fb517d251d,"Software Engineer (R&D, Senior)",서울,,"DEOS, etc) Experience in multiple programming languages (e.g, 
Python, Java, C , C++, Assembly etc) Experience in software..."
aad883a7480dc3ce,데이터사업 신입사원 채용,서울 순화동,정규직,"우대사항 L-TAB / 면접유형 담당업무 근무지 데이터사업 (0명) 데이터분석 관련 전공 R, 
Python 활용 가능자 L-TAB : 인적성진단(온라인) 면접유형 : 역량면접, PT면접, 인성면접 데이터..."
a91bcf14dd7070ae,[양재역] Node서버 개발자 (사원~과장급),서울 서초구,정규직,"발자간 의사소통이 원활한 분 - 
python selenium으로 웹 크롤링... 소통하고 책임감 있는 분[우대사항]- 개발자간 의사소통이 원활한 분- 
python selenium으로 웹 크롤링을 해본 분- socket 통신 경험자..."
4dc59712378908df,Software Engineer,서울,정규직,"Engineering (or Advanced degree) Good knowledge of C, C#, 
Python, Linux/RTOS driver Knowledge of Embedded Systems..."
34b62996eac33ea2,플랫폼 서비스운영 SRE 모집,성남 판교역,,"CD, Terraform 등의 Provisioning 자동화 구현 - 
Python, Shell, Powershell 등의 Server side 자동화... DNS 동작 원리 이해 - 
Python, Shell, Powershell..."
d3a0ad55dbeea463,[넥슨코리아] Devops 엔지니어 (데이터 파이프라인),경기도 성남,,"Azure, GCP 등 클라우드 환경에서 업무 경험이 있으신 분 - Shell Script, SQL, 
Python, Go 등 한 개 이상의 언어로 개발이 가능하신 분 - 최신 기술 동향을 놓치지 않고, 문제를 해결함에..."
ac9b3a55c7379ad1,리스크/회계 시스템 담당자 채용,서울 중학동,정규직,"Oracle/MySQL 등) 쿼리 개발 경험을 보유하신 분 - SW 개발 능력을 보유하신 분(Java/
Python 등) 우대사항 - 은행 정보계 시스템(DW/규제/회계/리스크) 운영 경험을 보유하신 분 - Linux 서버..."
d49618d656468d9b,데이터 분석가,서울 송파구,정규직,"및 분석, 개선- 서비스화를 위한 플랫폼 적용✔️ 필요 역량입니다.- 분석 업무 3~10년 이하 이신 분- 
python 언어를 통한 분석 가능하신 분- 분석을 통한 실제 비즈니스 문제 해결 경험- 다양한 직군과의 커뮤니케이션..."
f5db967bfdd0390f,빅데이터 리더 정규직,안양 동안구,정규직,"모바일·게임>응용프로그래머>
Python|인터넷·IT·통신·모바일·게임>응용프로그래머>클라우드|인터넷·IT·통신·모바일·게임>웹프로그래머>JAVA|인터넷·IT·통신·모바일·게임>웹프로그래머>
Python|인터넷·IT·통신·모바일..."
df5ab705f3a414ee,"Sr. Application Architect, Professional Services",서울,정규직,"C#, Swift, Node.js, 
Python, Go, or Ruby... JavaScript, C / C ++, C #, Swift, Node.js, 
Python, Go 또는 Ruby 중 두 개 이상의 언어를 활용한 코딩..."
962a7484bf6a2466,백엔드 플랫폼 개발 유지보수,경기도 성남,정규직,"Phoenix DB 개발 유지 보수 [ 자격요건] - 경력 4년 이상이신 분 - PHP, Java, 
Python, Apache, Html5, MySQL Javascript, Linux 등 웹서비스 개발 지식과 경험이..."
78efdb987e347e33,"Windows, JAVA 외 신입/경력 정규직",성남 수정구,정규직,"우대 - 응용 소프트웨어 배포 경험 우대 - JavaScript, 
Python 능통자 우대2. Linux 시스템 소프트웨어 개발자 로봇 및 자동차... 로그래머>Linux|인터넷·IT·통신·모바일·게임>웹프로그래머>
Python"
e7cdbec773cb26d7,인프라 구축/운영(카드) 경력 채용,서울 가산동,정규직,"지니어 경험 ㆍLinux 기반 Open Source Software 프로젝트 경험 ㆍShell Script, 
Python Script 작성 가능 5년 이상 서울 종로구 전형절차 (처우협의는 채용전형 진행 중 별도 안내..."
0920302256231f43,[대명소노그룹] 부문별 신입/경력 인재,서울 송파구,정규직,"로그래머>백엔드|인터넷·IT·통신·모바일·게임>웹프로그래머>프론트엔드|인터넷·IT·통신·모바일·게임>웹프로그래머>
Python|인터넷·IT·통신·모바일·게임>웹프로그래머>ASP.NET|인터넷·IT·통신·모바일·게임>웹프로그래머..."
b7404340e4697466,[주4.5일] 딥러닝 연구 개발자,서울 구로구,정규직,"집부문 / 상세내용 사용 기술 ai/인공지능 pytorch 
python deeplearning tensorflow.js 인터넷·IT·통신·모바일·게임>웹프로그래머>
Python|인터넷·IT·통신·모바일·게임>웹프로그래머>웹개발..."
